,alpha,beta,gamma,tau,scf_cc,nn_scf_cc
0,4.0,0.2,8.0,0.2,2.57734028,2.1553745
1,13.0,0.2,8.0,0.2,3.160868926,2.7735057
2,22.0,0.2,8.0,0.2,3.605458047,2.8742862
3,31.0,0.2,8.0,0.2,4.05353036,2.9279528
4,40.0,0.2,8.0,0.2,4.49727609,2.9712834
5,4.0,0.3,8.0,0.2,1.656702891,1.6533712
6,13.0,0.3,8.0,0.2,1.85009742,1.9697473
7,22.0,0.3,8.0,0.2,2.041727259,2.1721475
8,31.0,0.3,8.0,0.2,2.234468773,2.3375106
9,40.0,0.3,8.0,0.2,2.427650838,2.4965224
10,4.0,0.4,8.0,0.2,1.454565144,1.3616331
11,13.0,0.4,8.0,0.2,1.61754415,1.5851023
12,22.0,0.4,8.0,0.2,1.86707997,1.8810405
13,31.0,0.4,8.0,0.2,2.118192856,2.1276932
14,40.0,0.4,8.0,0.2,2.369894649,2.360118
15,4.0,0.5,8.0,0.2,1.337876208,1.2681814
16,13.0,0.5,8.0,0.2,1.498168748,1.4821696
17,22.0,0.5,8.0,0.2,1.805587529,1.8431786
18,31.0,0.5,8.0,0.2,2.115827092,2.1315043
19,40.0,0.5,8.0,0.2,2.426749181,2.3980384
20,4.0,0.6,8.0,0.2,1.23602884,1.1810539
21,13.0,0.6,8.0,0.2,1.440906628,1.4012351
22,22.0,0.6,8.0,0.2,1.804846292,1.821048
23,31.0,0.6,8.0,0.2,2.173030419,2.1565979
24,40.0,0.6,8.0,0.2,2.542087698,2.4675407
25,4.0,0.7,8.0,0.2,1.113840613,1.0733132
26,13.0,0.7,8.0,0.2,1.394595224,1.3048205
27,22.0,0.7,8.0,0.2,1.814763346,1.7897382
28,31.0,0.7,8.0,0.2,2.239441182,2.1993575
29,40.0,0.7,8.0,0.2,2.665381404,2.5888019
30,4.0,0.2,14.0,0.2,1.798909016,1.6519115
31,13.0,0.2,14.0,0.2,1.971186703,2.0328002
32,22.0,0.2,14.0,0.2,2.079654412,2.147581
33,31.0,0.2,14.0,0.2,2.1918975,2.2607017
34,40.0,0.2,14.0,0.2,2.304193424,2.3892589
35,4.0,0.3,14.0,0.2,1.48817624,1.5010169
36,13.0,0.3,14.0,0.2,1.531636694,1.4065909
37,22.0,0.3,14.0,0.2,1.686592032,1.592234
38,31.0,0.3,14.0,0.2,1.848078727,1.8197919
39,40.0,0.3,14.0,0.2,2.009904379,2.0588589
40,4.0,0.4,14.0,0.2,1.486025327,1.5137765
41,13.0,0.4,14.0,0.2,1.38300972,1.2802702
42,22.0,0.4,14.0,0.2,1.586279772,1.533798
43,31.0,0.4,14.0,0.2,1.800231901,1.806459
44,40.0,0.4,14.0,0.2,2.014677226,2.0679758
45,4.0,0.5,14.0,0.2,1.404932302,1.468396
46,13.0,0.5,14.0,0.2,1.308614228,1.2652278
47,22.0,0.5,14.0,0.2,1.557968601,1.5798628
48,31.0,0.5,14.0,0.2,1.822954165,1.8771414
49,40.0,0.5,14.0,0.2,2.088654447,2.140242
50,4.0,0.6,14.0,0.2,1.365996912,1.3644834
51,13.0,0.6,14.0,0.2,1.339795371,1.2281901
52,22.0,0.6,14.0,0.2,1.6432582,1.6095322
53,31.0,0.6,14.0,0.2,1.963881808,1.950498
54,40.0,0.6,14.0,0.2,2.286933402,2.235942
55,4.0,0.7,14.0,0.2,1.247153989,1.2191657
56,13.0,0.7,14.0,0.2,1.347852298,1.1489198
57,22.0,0.7,14.0,0.2,1.684177967,1.6001873
58,31.0,0.7,14.0,0.2,2.056270736,2.0157897
59,40.0,0.7,14.0,0.2,2.432043862,2.3599868
60,4.0,0.2,20.0,0.2,1.648523062,1.5549803
61,13.0,0.2,20.0,0.2,1.767659349,1.7627678
62,22.0,0.2,20.0,0.2,1.853125895,1.8494871
63,31.0,0.2,20.0,0.2,1.95754511,1.9486165
64,40.0,0.2,20.0,0.2,2.06052396,2.070499
65,4.0,0.3,20.0,0.2,1.652541858,1.6979542
66,13.0,0.3,20.0,0.2,1.46185827,1.325088
67,22.0,0.3,20.0,0.2,1.582390877,1.4415939
68,31.0,0.3,20.0,0.2,1.738049077,1.6385429
69,40.0,0.3,20.0,0.2,1.891760863,1.8481445
70,4.0,0.4,20.0,0.2,1.720202899,1.7070638
71,13.0,0.4,20.0,0.2,1.355838215,1.2285918
72,22.0,0.4,20.0,0.2,1.507702878,1.4089925
73,31.0,0.4,20.0,0.2,1.713555363,1.6562967
74,40.0,0.4,20.0,0.2,1.916884354,1.884424
75,4.0,0.5,20.0,0.2,1.634227998,1.6439989
76,13.0,0.5,20.0,0.2,1.333052656,1.2644906
77,22.0,0.5,20.0,0.2,1.524538383,1.5045236
78,31.0,0.5,20.0,0.2,1.778998897,1.7809602
79,40.0,0.5,20.0,0.2,2.031450353,2.0122778
80,4.0,0.6,20.0,0.2,1.475859096,1.5196042
81,13.0,0.6,20.0,0.2,1.349442299,1.285691
82,22.0,0.6,20.0,0.2,1.568018686,1.5894793
83,31.0,0.6,20.0,0.2,1.868353651,1.9118702
84,40.0,0.6,20.0,0.2,2.16902209,2.168832
85,4.0,0.7,20.0,0.2,1.365125434,1.342332
86,13.0,0.7,20.0,0.2,1.434241228,1.2564815
87,22.0,0.7,20.0,0.2,1.646668319,1.6304694
88,31.0,0.7,20.0,0.2,1.994775224,2.0302792
89,40.0,0.7,20.0,0.2,2.34401252,2.348825
90,4.0,0.2,26.0,0.2,1.696069023,1.6664394
91,13.0,0.2,26.0,0.2,1.72805852,1.685698
92,22.0,0.2,26.0,0.2,1.786900917,1.7292734
93,31.0,0.2,26.0,0.2,1.886381911,1.8072107
94,40.0,0.2,26.0,0.2,1.985746149,1.8973006
95,4.0,0.3,26.0,0.2,1.86034265,1.8987086
96,13.0,0.3,26.0,0.2,1.424503272,1.3566201
97,22.0,0.3,26.0,0.2,1.495590222,1.3880514
98,31.0,0.3,26.0,0.2,1.644620417,1.5585577
99,40.0,0.3,26.0,0.2,1.793739721,1.7282519
100,4.0,0.4,26.0,0.2,1.930371402,1.9022262
101,13.0,0.4,26.0,0.2,1.37549934,1.3044028
102,22.0,0.4,26.0,0.2,1.458206901,1.3788266
103,31.0,0.4,26.0,0.2,1.653461366,1.6055412
104,40.0,0.4,26.0,0.2,1.849065232,1.8013563
105,4.0,0.5,26.0,0.2,1.810188535,1.8386309
106,13.0,0.5,26.0,0.2,1.412224001,1.3958625
107,22.0,0.5,26.0,0.2,1.523451635,1.5113075
108,31.0,0.5,26.0,0.2,1.762713115,1.766413
109,40.0,0.5,26.0,0.2,2.005661147,1.9718258
110,4.0,0.6,26.0,0.2,1.650574579,1.7172545
111,13.0,0.6,26.0,0.2,1.502727445,1.4756598
112,22.0,0.6,26.0,0.2,1.608348183,1.6364717
113,31.0,0.6,26.0,0.2,1.893657217,1.9320761
114,40.0,0.6,26.0,0.2,2.182866321,2.1653833
115,4.0,0.7,26.0,0.2,1.496407918,1.5387175
116,13.0,0.7,26.0,0.2,1.624488052,1.5018809
117,22.0,0.7,26.0,0.2,1.685467967,1.7187793
118,31.0,0.7,26.0,0.2,2.021707241,2.0853395
119,40.0,0.7,26.0,0.2,2.365710036,2.378982
120,4.0,0.2,32.0,0.2,1.781903133,1.8078287
121,13.0,0.2,32.0,0.2,1.688796508,1.7028619
122,22.0,0.2,32.0,0.2,1.712565325,1.6793483
123,31.0,0.2,32.0,0.2,1.808043888,1.7439878
124,40.0,0.2,32.0,0.2,1.906192002,1.8092741
125,4.0,0.3,32.0,0.2,2.066926003,2.0615547
126,13.0,0.3,32.0,0.2,1.413394412,1.4818053
127,22.0,0.3,32.0,0.2,1.420666638,1.3901649
128,31.0,0.3,32.0,0.2,1.563040837,1.5429199
129,40.0,0.3,32.0,0.2,1.709348539,1.6862541
130,4.0,0.4,32.0,0.2,2.118837752,2.0669408
131,13.0,0.4,32.0,0.2,1.441393056,1.4845512
132,22.0,0.4,32.0,0.2,1.445365661,1.4020168
133,31.0,0.4,32.0,0.2,1.631853909,1.609653
134,40.0,0.4,32.0,0.2,1.823886892,1.7845305
135,4.0,0.5,32.0,0.2,1.970870279,2.0149446
136,13.0,0.5,32.0,0.2,1.548024339,1.618288
137,22.0,0.5,32.0,0.2,1.562588106,1.5581768
138,31.0,0.5,32.0,0.2,1.79018047,1.7878245
139,40.0,0.5,32.0,0.2,2.028731631,1.9748465
140,4.0,0.6,32.0,0.2,1.792687251,1.9123254
141,13.0,0.6,32.0,0.2,1.696570521,1.7371334
142,22.0,0.6,32.0,0.2,1.673399815,1.7101932
143,31.0,0.6,32.0,0.2,1.953504065,1.9708178
144,40.0,0.6,32.0,0.2,2.232589293,2.1846132
145,4.0,0.7,32.0,0.2,1.624854898,1.7548912
146,13.0,0.7,32.0,0.2,1.851170725,1.8017411
147,22.0,0.7,32.0,0.2,1.762396723,1.8240048
148,31.0,0.7,32.0,0.2,2.089656756,2.1448731
149,40.0,0.7,32.0,0.2,2.444713695,2.4149096
150,4.0,0.2,8.0,0.4,2.547900979,2.0335956
151,13.0,0.2,8.0,0.4,2.845956455,3.000781
152,22.0,0.2,8.0,0.4,3.125775757,3.1678421
153,31.0,0.2,8.0,0.4,3.405398657,3.3503392
154,40.0,0.2,8.0,0.4,3.686956976,3.581112
155,4.0,0.3,8.0,0.4,2.202143905,1.9905603
156,13.0,0.3,8.0,0.4,2.587583345,2.669366
157,22.0,0.3,8.0,0.4,2.986836264,3.0005875
158,31.0,0.3,8.0,0.4,3.389285655,3.3099842
159,40.0,0.3,8.0,0.4,3.792414836,3.6734486
160,4.0,0.4,8.0,0.4,1.959155959,1.764041
161,13.0,0.4,8.0,0.4,2.361626692,2.363103
162,22.0,0.4,8.0,0.4,2.881610399,2.8583176
163,31.0,0.4,8.0,0.4,3.404950276,3.300191
164,40.0,0.4,8.0,0.4,3.929336656,3.7981875
165,4.0,0.5,8.0,0.4,1.843831776,1.6793351
166,13.0,0.5,8.0,0.4,2.214766732,2.1935248
167,22.0,0.5,8.0,0.4,2.85125143,2.8103154
168,31.0,0.5,8.0,0.4,3.491894056,3.3898027
169,40.0,0.5,8.0,0.4,4.134176973,4.0401735
170,4.0,0.6,8.0,0.4,1.762060186,1.6091276
171,13.0,0.6,8.0,0.4,2.147324026,2.0740438
172,22.0,0.6,8.0,0.4,2.896712263,2.8204598
173,31.0,0.6,8.0,0.4,3.651536653,3.5637894
174,40.0,0.6,8.0,0.4,4.408289473,4.3983493
175,4.0,0.7,8.0,0.4,1.732254938,1.525325
176,13.0,0.7,8.0,0.4,2.208441367,2.007976
177,22.0,0.7,8.0,0.4,3.094679362,2.9194932
178,31.0,0.7,8.0,0.4,3.988453455,3.8485808
179,40.0,0.7,8.0,0.4,4.88411722,4.8902645
180,4.0,0.2,14.0,0.4,2.722313002,2.7227445
181,13.0,0.2,14.0,0.4,3.005547698,3.0275826
182,22.0,0.2,14.0,0.4,3.230539511,3.208987
183,31.0,0.2,14.0,0.4,3.464334072,3.4118197
184,40.0,0.2,14.0,0.4,3.698572101,3.657617
185,4.0,0.3,14.0,0.4,2.309031294,2.2819405
186,13.0,0.3,14.0,0.4,2.497557553,2.4277554
187,22.0,0.3,14.0,0.4,2.825063207,2.7846944
188,31.0,0.3,14.0,0.4,3.168127573,3.104844
189,40.0,0.3,14.0,0.4,3.512118491,3.4356546
190,4.0,0.4,14.0,0.4,2.254226329,2.2190185
191,13.0,0.4,14.0,0.4,2.169544729,2.1146426
192,22.0,0.4,14.0,0.4,2.596861136,2.5927439
193,31.0,0.4,14.0,0.4,3.045200455,3.0231085
194,40.0,0.4,14.0,0.4,3.494796491,3.4497736
195,4.0,0.5,14.0,0.4,2.268076053,2.221559
196,13.0,0.5,14.0,0.4,2.024235503,2.0283961
197,22.0,0.5,14.0,0.4,2.544780883,2.5591693
198,31.0,0.5,14.0,0.4,3.091583482,3.0813026
199,40.0,0.5,14.0,0.4,3.639873882,3.6136177
200,4.0,0.6,14.0,0.4,2.206600566,2.190093
201,13.0,0.6,14.0,0.4,2.006085085,1.9908845
202,22.0,0.6,14.0,0.4,2.61867788,2.5802915
203,31.0,0.6,14.0,0.4,3.262851012,3.2170155
204,40.0,0.6,14.0,0.4,3.908749968,3.878416
205,4.0,0.7,14.0,0.4,2.031827889,2.1140947
206,13.0,0.7,14.0,0.4,2.012592918,1.9483299
207,22.0,0.7,14.0,0.4,2.722946449,2.6235387
208,31.0,0.7,14.0,0.4,3.464658991,3.4100883
209,40.0,0.7,14.0,0.4,4.2088586,4.230303
210,4.0,0.2,20.0,0.4,2.811091509,2.7401097
211,13.0,0.2,20.0,0.4,3.008755496,2.9441376
212,22.0,0.2,20.0,0.4,3.185323056,3.1252558
213,31.0,0.2,20.0,0.4,3.402986018,3.319401
214,40.0,0.2,20.0,0.4,3.620700852,3.5435863
215,4.0,0.3,20.0,0.4,2.459689257,2.4838436
216,13.0,0.3,20.0,0.4,2.332769153,2.2384098
217,22.0,0.3,20.0,0.4,2.57902692,2.5544183
218,31.0,0.3,20.0,0.4,2.898644667,2.8831785
219,40.0,0.3,20.0,0.4,3.218348164,3.2042577
220,4.0,0.4,20.0,0.4,2.642210571,2.5209818
221,13.0,0.4,20.0,0.4,2.059551145,2.013785
222,22.0,0.4,20.0,0.4,2.377805081,2.3948932
223,31.0,0.4,20.0,0.4,2.794782293,2.8154154
224,40.0,0.4,20.0,0.4,3.212291746,3.2191918
225,4.0,0.5,20.0,0.4,2.744560311,2.5517917
226,13.0,0.5,20.0,0.4,2.046438681,2.05709
227,22.0,0.5,20.0,0.4,2.439856217,2.459855
228,31.0,0.5,20.0,0.4,2.951501738,2.9492002
229,40.0,0.5,20.0,0.4,3.463834113,3.4351654
230,4.0,0.6,20.0,0.4,2.665493819,2.5281057
231,13.0,0.6,20.0,0.4,2.112459141,2.130081
232,22.0,0.6,20.0,0.4,2.592285265,2.5809093
233,31.0,0.6,20.0,0.4,3.196795328,3.1757362
234,40.0,0.6,20.0,0.4,3.802613504,3.77614
235,4.0,0.7,20.0,0.4,2.492754356,2.4523525
236,13.0,0.7,20.0,0.4,2.206023524,2.1686978
237,22.0,0.7,20.0,0.4,2.773267379,2.705988
238,31.0,0.7,20.0,0.4,3.484602839,3.4560976
239,40.0,0.7,20.0,0.4,4.190899933,4.211432
240,4.0,0.2,26.0,0.4,2.877732753,2.7842584
241,13.0,0.2,26.0,0.4,2.951975771,2.8431582
242,22.0,0.2,26.0,0.4,3.059239237,2.994604
243,31.0,0.2,26.0,0.4,3.266488483,3.1739037
244,40.0,0.2,26.0,0.4,3.473713262,3.3702428
245,4.0,0.3,26.0,0.4,2.685916592,2.7036772
246,13.0,0.3,26.0,0.4,2.22729105,2.1965714
247,22.0,0.3,26.0,0.4,2.355057526,2.3921065
248,31.0,0.3,26.0,0.4,2.660308917,2.7013216
249,40.0,0.3,26.0,0.4,2.966160988,2.9987302
250,4.0,0.4,26.0,0.4,3.061943617,2.810456
251,13.0,0.4,26.0,0.4,2.10104974,2.0976892
252,22.0,0.4,26.0,0.4,2.265217076,2.306548
253,31.0,0.4,26.0,0.4,2.663633698,2.693221
254,40.0,0.4,26.0,0.4,3.062945107,3.0618534
255,4.0,0.5,26.0,0.4,3.205072863,2.8740993
256,13.0,0.5,26.0,0.4,2.222929686,2.2373838
257,22.0,0.5,26.0,0.4,2.440906332,2.4555578
258,31.0,0.5,26.0,0.4,2.931463267,2.9042406
259,40.0,0.5,26.0,0.4,3.42318609,3.3488753
260,4.0,0.6,26.0,0.4,3.069355772,2.8689027
261,13.0,0.6,26.0,0.4,2.373126386,2.3844314
262,22.0,0.6,26.0,0.4,2.665902385,2.6500144
263,31.0,0.6,26.0,0.4,3.241632055,3.2031162
264,40.0,0.6,26.0,0.4,3.820542908,3.760592
265,4.0,0.7,26.0,0.4,2.85576208,2.8069017
266,13.0,0.7,26.0,0.4,2.50987717,2.482684
267,22.0,0.7,26.0,0.4,2.883423166,2.8381355
268,31.0,0.7,26.0,0.4,3.553292222,3.5513906
269,40.0,0.7,26.0,0.4,4.229610885,4.263615
270,4.0,0.2,32.0,0.4,2.896512211,2.868861
271,13.0,0.2,32.0,0.4,2.838611319,2.7932549
272,22.0,0.2,32.0,0.4,2.861085368,2.877489
273,31.0,0.2,32.0,0.4,3.057279037,3.0428116
274,40.0,0.2,32.0,0.4,3.258845683,3.2160525
275,4.0,0.3,32.0,0.4,2.976307648,2.9027061
276,13.0,0.3,32.0,0.4,2.207737309,2.3070698
277,22.0,0.3,32.0,0.4,2.193885426,2.3240402
278,31.0,0.3,32.0,0.4,2.483048049,2.6035047
279,40.0,0.3,32.0,0.4,2.780609387,2.8725767
280,4.0,0.4,32.0,0.4,3.522608868,3.0790439
281,13.0,0.4,32.0,0.4,2.253699015,2.3134837
282,22.0,0.4,32.0,0.4,2.235698839,2.3010235
283,31.0,0.4,32.0,0.4,2.61367163,2.6506653
284,40.0,0.4,32.0,0.4,3.005807801,2.98953
285,4.0,0.5,32.0,0.4,3.616268641,3.1938884
286,13.0,0.5,32.0,0.4,2.504344031,2.505902
287,22.0,0.5,32.0,0.4,2.525532187,2.5003977
288,31.0,0.5,32.0,0.4,2.992032973,2.9097254
289,40.0,0.5,32.0,0.4,3.475046116,3.3259344
290,4.0,0.6,32.0,0.4,3.43288724,3.2186077
291,13.0,0.6,32.0,0.4,2.728266579,2.696282
292,22.0,0.6,32.0,0.4,2.8249234,2.7398255
293,31.0,0.6,32.0,0.4,3.378843115,3.2522147
294,40.0,0.6,32.0,0.4,3.948861229,3.781448
295,4.0,0.7,32.0,0.4,3.193219083,3.1754186
296,13.0,0.7,32.0,0.4,2.90823962,2.8397145
297,22.0,0.7,32.0,0.4,3.063259094,2.9711595
298,31.0,0.7,32.0,0.4,3.712864769,3.6453927
299,40.0,0.7,32.0,0.4,4.37891519,4.327593
300,4.0,0.2,8.0,0.6,3.078547964,2.8292537
301,13.0,0.2,8.0,0.6,3.506328869,3.4014862
302,22.0,0.2,8.0,0.6,3.938892354,3.7854984
303,31.0,0.2,8.0,0.6,4.375935626,4.17756
304,40.0,0.2,8.0,0.6,4.81231281,4.602764
305,4.0,0.3,8.0,0.6,2.827463423,2.7405035
306,13.0,0.3,8.0,0.6,3.411138441,3.3629408
307,22.0,0.3,8.0,0.6,4.040120772,3.9701817
308,31.0,0.3,8.0,0.6,4.673779638,4.6192894
309,40.0,0.3,8.0,0.6,5.309628967,5.314627
310,4.0,0.4,8.0,0.6,2.570410244,2.447506
311,13.0,0.4,8.0,0.6,3.252052557,3.1719074
312,22.0,0.4,8.0,0.6,4.076121117,3.9697666
313,31.0,0.4,8.0,0.6,4.908823109,4.840046
314,40.0,0.4,8.0,0.6,5.741359969,5.7793884
315,4.0,0.5,8.0,0.6,2.384741322,2.2709677
316,13.0,0.5,8.0,0.6,3.099328419,3.0407538
317,22.0,0.5,8.0,0.6,4.108769868,4.013382
318,31.0,0.5,8.0,0.6,5.125521309,5.0838356
319,40.0,0.5,8.0,0.6,6.144710305,6.2359505
320,4.0,0.6,8.0,0.6,2.257628265,2.1105342
321,13.0,0.6,8.0,0.6,3.004869634,2.945064
322,22.0,0.6,8.0,0.6,4.189978775,4.12885
323,31.0,0.6,8.0,0.6,5.383243993,5.4188023
324,40.0,0.6,8.0,0.6,6.579450428,6.7897925
325,4.0,0.7,8.0,0.6,2.116324852,1.9462644
326,13.0,0.7,8.0,0.6,2.953602822,2.8936048
327,22.0,0.7,8.0,0.6,4.304625352,4.3377213
328,31.0,0.7,8.0,0.6,5.665587093,5.8541594
329,40.0,0.7,8.0,0.6,7.029289094,7.4391522
330,4.0,0.2,14.0,0.6,3.667960991,3.5177758
331,13.0,0.2,14.0,0.6,4.072819243,3.9923708
332,22.0,0.2,14.0,0.6,4.426287489,4.424271
333,31.0,0.2,14.0,0.6,4.795077885,4.868595
334,40.0,0.2,14.0,0.6,5.164399458,5.358113
335,4.0,0.3,14.0,0.6,3.215185275,3.1000304
336,13.0,0.3,14.0,0.6,3.572918817,3.4562886
337,22.0,0.3,14.0,0.6,4.089075256,3.9721143
338,31.0,0.3,14.0,0.6,4.629858869,4.538098
339,40.0,0.3,14.0,0.6,5.172135599,5.193388
340,4.0,0.4,14.0,0.6,2.973196856,2.9280548
341,13.0,0.4,14.0,0.6,3.12503565,3.1055305
342,22.0,0.4,14.0,0.6,3.794989976,3.753256
343,31.0,0.4,14.0,0.6,4.497881259,4.446776
344,40.0,0.4,14.0,0.6,5.202788291,5.22516
345,4.0,0.5,14.0,0.6,2.989918798,2.8757067
346,13.0,0.5,14.0,0.6,2.901179948,2.9630423
347,22.0,0.5,14.0,0.6,3.719968116,3.7339973
348,31.0,0.5,14.0,0.6,4.577709679,4.5810227
349,40.0,0.5,14.0,0.6,5.437963783,5.5080953
350,4.0,0.6,14.0,0.6,2.985451401,2.8186367
351,13.0,0.6,14.0,0.6,2.828021151,2.8817396
352,22.0,0.6,14.0,0.6,3.789267143,3.789906
353,31.0,0.6,14.0,0.6,4.794931129,4.8187075
354,40.0,0.6,14.0,0.6,5.80342965,5.912935
355,4.0,0.7,14.0,0.6,2.853762226,2.7333312
356,13.0,0.7,14.0,0.6,2.831226619,2.8121977
357,22.0,0.7,14.0,0.6,3.937851781,3.8841126
358,31.0,0.7,14.0,0.6,5.092176175,5.119575
359,40.0,0.7,14.0,0.6,6.249565141,6.3937793
360,4.0,0.2,20.0,0.6,4.028792834,3.8975534
361,13.0,0.2,20.0,0.6,4.329739176,4.2281227
362,22.0,0.2,20.0,0.6,4.605623405,4.6001306
363,31.0,0.2,20.0,0.6,4.946821613,5.0251017
364,40.0,0.2,20.0,0.6,6.720073683,5.525862
365,4.0,0.3,20.0,0.6,3.440426155,3.4190574
366,13.0,0.3,20.0,0.6,3.471225637,3.3578992
367,22.0,0.3,20.0,0.6,3.85689099,3.7935114
368,31.0,0.3,20.0,0.6,4.354549546,4.302533
369,40.0,0.3,20.0,0.6,4.852426428,4.8859367
370,4.0,0.4,20.0,0.6,3.479133656,3.3942204
371,13.0,0.4,20.0,0.6,3.011582121,3.0144234
372,22.0,0.4,20.0,0.6,3.507569652,3.5516627
373,31.0,0.4,20.0,0.6,4.155552466,4.190587
374,40.0,0.4,20.0,0.6,4.80433302,4.886671
375,4.0,0.5,20.0,0.6,3.721243951,3.4364533
376,13.0,0.5,20.0,0.6,2.898441714,2.9893136
377,22.0,0.5,20.0,0.6,3.511292548,3.6051865
378,31.0,0.5,20.0,0.6,4.303201592,4.379123
379,40.0,0.5,20.0,0.6,5.096364166,5.20621
380,4.0,0.6,20.0,0.6,3.738229659,3.4314823
381,13.0,0.6,20.0,0.6,2.941777622,3.0290003
382,22.0,0.6,20.0,0.6,3.67868951,3.7570019
383,31.0,0.6,20.0,0.6,4.608637611,4.7015314
384,40.0,0.6,20.0,0.6,5.540178246,5.680654
385,4.0,0.7,20.0,0.6,3.54051394,3.3728843
386,13.0,0.7,20.0,0.6,3.026793123,3.0529866
387,22.0,0.7,20.0,0.6,3.913248022,3.9385545
388,31.0,0.7,20.0,0.6,4.988893065,5.097824
389,40.0,0.7,20.0,0.6,6.067021681,6.2530847
390,4.0,0.2,26.0,0.6,4.27292888,4.194794
391,13.0,0.2,26.0,0.6,4.4228486,4.300112
392,22.0,0.2,26.0,0.6,4.594541523,4.5784717
393,31.0,0.2,26.0,0.6,4.918972701,4.9375544
394,40.0,0.2,26.0,0.6,5.243906355,5.3609486
395,4.0,0.3,26.0,0.6,3.756778007,3.7846422
396,13.0,0.3,26.0,0.6,3.401577745,3.2956893
397,22.0,0.3,26.0,0.6,3.603093257,3.5989525
398,31.0,0.3,26.0,0.6,4.076894511,4.067759
399,40.0,0.3,26.0,0.6,4.551710427,4.5899076
400,4.0,0.4,26.0,0.6,4.07456369,3.897857
401,13.0,0.4,26.0,0.6,3.051689526,3.0656471
402,22.0,0.4,26.0,0.6,3.302875083,3.409808
403,31.0,0.4,26.0,0.6,3.917892525,4.00222
404,40.0,0.4,26.0,0.6,4.534484481,4.637295
405,4.0,0.5,26.0,0.6,4.415075457,4.0247912
406,13.0,0.5,26.0,0.6,3.112955544,3.1637247
407,22.0,0.5,26.0,0.6,3.445126354,3.5595157
408,31.0,0.5,26.0,0.6,4.197546489,4.276434
409,40.0,0.5,26.0,0.6,4.951951571,5.0345287
410,4.0,0.6,26.0,0.6,4.374127427,4.053358
411,13.0,0.6,26.0,0.6,3.275634914,3.3034227
412,22.0,0.6,26.0,0.6,3.724122297,3.8014047
413,31.0,0.6,26.0,0.6,4.610742036,4.688913
414,40.0,0.6,26.0,0.6,5.499783044,5.596996
415,4.0,0.7,26.0,0.6,4.093139201,3.994917
416,13.0,0.7,26.0,0.6,3.409438966,3.4044013
417,22.0,0.7,26.0,0.6,4.013484451,4.0563087
418,31.0,0.7,26.0,0.6,5.042080111,5.1705794
419,40.0,0.7,26.0,0.6,6.07594332,6.2575035
420,4.0,0.2,32.0,0.6,4.403057392,4.494942
421,13.0,0.2,32.0,0.6,4.395898674,4.373108
422,22.0,0.2,32.0,0.6,4.443104847,4.5235386
423,31.0,0.2,32.0,0.6,4.747926903,4.8318477
424,40.0,0.2,32.0,0.6,5.061409505,5.1840444
425,4.0,0.3,32.0,0.6,4.098170862,4.173156
426,13.0,0.3,32.0,0.6,3.370398834,3.399731
427,22.0,0.3,32.0,0.6,3.34817152,3.4842575
428,31.0,0.3,32.0,0.6,3.793608742,3.912253
429,40.0,0.3,32.0,0.6,4.252240191,4.3857527
430,4.0,0.4,32.0,0.6,4.699112374,4.4103594
431,13.0,0.4,32.0,0.6,3.232856977,3.2915668
432,22.0,0.4,32.0,0.6,3.197579027,3.365865
433,31.0,0.4,32.0,0.6,3.777576943,3.9132738
434,40.0,0.4,32.0,0.6,4.373877586,4.503007
435,4.0,0.5,32.0,0.6,5.061025915,4.6239457
436,13.0,0.5,32.0,0.6,3.482442865,3.475468
437,22.0,0.5,32.0,0.6,3.500520726,3.5839844
438,31.0,0.5,32.0,0.6,4.212463966,4.256568
439,40.0,0.5,32.0,0.6,4.942598157,4.9725466
440,4.0,0.6,32.0,0.6,4.934506789,4.680295
441,13.0,0.6,32.0,0.6,3.747498366,3.6932042
442,22.0,0.6,32.0,0.6,3.880218171,3.882809
443,31.0,0.6,32.0,0.6,4.724309466,4.7307787
444,40.0,0.6,32.0,0.6,5.588110039,5.60027
445,4.0,0.7,32.0,0.6,4.611525901,4.6076317
446,13.0,0.7,32.0,0.6,3.937783125,3.8693502
447,22.0,0.7,32.0,0.6,4.222776495,4.1832476
448,31.0,0.7,32.0,0.6,5.206353814,5.2694764
449,40.0,0.7,32.0,0.6,6.213611778,6.3197823
450,4.0,0.2,8.0,0.8,3.344329717,3.2204552
451,13.0,0.2,8.0,0.8,3.875163802,3.7742622
452,22.0,0.2,8.0,0.8,4.434344145,4.2943377
453,31.0,0.2,8.0,0.8,4.99922064,4.766282
454,40.0,0.2,8.0,0.8,5.564552159,5.2788944
455,4.0,0.3,8.0,0.8,3.401477978,3.3051693
456,13.0,0.3,8.0,0.8,4.176918824,4.1052885
457,22.0,0.3,8.0,0.8,5.043111122,5.0014896
458,31.0,0.3,8.0,0.8,5.919685624,5.84109
459,40.0,0.3,8.0,0.8,6.797692797,6.6902294
460,4.0,0.4,8.0,0.8,3.139238631,3.0678935
461,13.0,0.4,8.0,0.8,4.095885595,4.0394506
462,22.0,0.4,8.0,0.8,5.235747914,5.2668986
463,31.0,0.4,8.0,0.8,6.384412364,6.5142694
464,40.0,0.4,8.0,0.8,7.53867579,7.7729216
465,4.0,0.5,8.0,0.8,2.927248481,2.8752728
466,13.0,0.5,8.0,0.8,4.017005273,3.942093
467,22.0,0.5,8.0,0.8,5.427858224,5.3933496
468,31.0,0.5,8.0,0.8,6.84417183,6.933591
469,40.0,0.5,8.0,0.8,8.266773348,8.494035
470,4.0,0.6,8.0,0.8,2.741260472,2.6765757
471,13.0,0.6,8.0,0.8,3.931924449,3.8978755
472,22.0,0.6,8.0,0.8,5.594637901,5.591899
473,31.0,0.6,8.0,0.8,7.263331968,7.396831
474,40.0,0.6,8.0,0.8,8.941373458,9.223986
475,4.0,0.7,8.0,0.8,2.590429399,2.4474478
476,13.0,0.7,8.0,0.8,3.902102027,3.8894684
477,22.0,0.7,8.0,0.8,5.806830655,5.877223
478,31.0,0.7,8.0,0.8,7.724723666,7.913319
479,40.0,0.7,8.0,0.8,9.647127537,9.9645195
480,4.0,0.2,14.0,0.8,4.428628481,4.3144093
481,13.0,0.2,14.0,0.8,4.945407861,5.0189676
482,22.0,0.2,14.0,0.8,5.824475223,5.573067
483,31.0,0.2,14.0,0.8,5.938307814,6.077056
484,40.0,0.2,14.0,0.8,6.445159523,6.6059003
485,4.0,0.3,14.0,0.8,4.084493511,4.048562
486,13.0,0.3,14.0,0.8,4.608984107,4.5944705
487,22.0,0.3,14.0,0.8,5.327160118,5.3380504
488,31.0,0.3,14.0,0.8,6.073811656,6.1579695
489,40.0,0.3,14.0,0.8,6.825364544,7.083199
490,4.0,0.4,14.0,0.8,3.791813895,3.7780623
491,13.0,0.4,14.0,0.8,4.176853909,4.1416817
492,22.0,0.4,14.0,0.8,5.114052532,5.043056
493,31.0,0.4,14.0,0.8,6.097231158,6.0779915
494,40.0,0.4,14.0,0.8,7.083328783,7.242385
495,4.0,0.5,14.0,0.8,3.756670696,3.6617157
496,13.0,0.5,14.0,0.8,3.889460129,3.943102
497,22.0,0.5,14.0,0.8,5.041583311,5.0186043
498,31.0,0.5,14.0,0.8,6.248878276,6.25777
499,40.0,0.5,14.0,0.8,7.459880857,7.622692
500,4.0,0.6,14.0,0.8,3.728230318,3.5654051
501,13.0,0.6,14.0,0.8,3.743664923,3.825803
502,22.0,0.6,14.0,0.8,5.09758091,5.109335
503,31.0,0.6,14.0,0.8,6.511912494,6.5677977
504,40.0,0.6,14.0,0.8,7.930422669,8.117685
505,4.0,0.7,14.0,0.8,3.606323718,3.4533584
506,13.0,0.7,14.0,0.8,3.709977504,3.7239249
507,22.0,0.7,14.0,0.8,5.266842168,5.2487206
508,31.0,0.7,14.0,0.8,6.887792467,6.9359756
509,40.0,0.7,14.0,0.8,8.513156005,8.652527
510,4.0,0.2,20.0,0.8,5.175374554,5.1446924
511,13.0,0.2,20.0,0.8,5.574588666,5.6205163
512,22.0,0.2,20.0,0.8,5.95852103,6.143029
513,31.0,0.2,20.0,0.8,6.430192643,6.723007
514,40.0,0.2,20.0,0.8,8.139208787,7.3769207
515,4.0,0.3,20.0,0.8,4.569779208,4.6293154
516,13.0,0.3,20.0,0.8,4.71176491,4.612193
517,22.0,0.3,20.0,0.8,5.250411237,5.185109
518,31.0,0.3,20.0,0.8,5.943267784,5.921929
519,40.0,0.3,20.0,0.8,6.636437351,6.805881
520,4.0,0.4,20.0,0.8,4.434268285,4.461279
521,13.0,0.4,20.0,0.8,4.087517911,4.0803065
522,22.0,0.4,20.0,0.8,4.781247806,4.79051
523,31.0,0.4,20.0,0.8,5.686082071,5.6995153
524,40.0,0.4,20.0,0.8,6.592064015,6.74499
525,4.0,0.5,20.0,0.8,4.62171416,4.467406
526,13.0,0.5,20.0,0.8,3.834888111,3.9480705
527,22.0,0.5,20.0,0.8,4.692721871,4.805997
528,31.0,0.5,20.0,0.8,5.798515921,5.9003897
529,40.0,0.5,20.0,0.8,6.906211933,7.103118
530,4.0,0.6,20.0,0.8,4.701783215,4.4461894
531,13.0,0.6,20.0,0.8,3.817866082,3.9264464
532,22.0,0.6,20.0,0.8,4.852601579,4.9699345
533,31.0,0.6,20.0,0.8,6.153758187,6.277332
534,40.0,0.6,20.0,0.8,7.457304214,7.6361012
535,4.0,0.7,20.0,0.8,4.506233537,4.3679886
536,13.0,0.7,20.0,0.8,3.879461882,3.9125102
537,22.0,0.7,20.0,0.8,5.115157184,5.1883025
538,31.0,0.7,20.0,0.8,6.61494685,6.740993
539,40.0,0.7,20.0,0.8,8.117549559,8.257067
540,4.0,0.2,26.0,0.8,5.638822993,5.7579765
541,13.0,0.2,26.0,0.8,5.871818566,5.880877
542,22.0,0.2,26.0,0.8,6.111611622,6.2588763
543,31.0,0.2,26.0,0.8,6.559824583,6.7777505
544,40.0,0.2,26.0,0.8,7.008664307,7.392909
545,4.0,0.3,26.0,0.8,5.014494787,5.135231
546,13.0,0.3,26.0,0.8,4.697666594,4.5676756
547,22.0,0.3,26.0,0.8,4.981193306,4.9538355
548,31.0,0.3,26.0,0.8,5.638290437,5.595558
549,40.0,0.3,26.0,0.8,6.296890982,6.368093
550,4.0,0.4,26.0,0.8,5.112418989,5.1183577
551,13.0,0.4,26.0,0.8,4.103324565,4.090207
552,22.0,0.4,26.0,0.8,4.454050302,4.570968
553,31.0,0.4,26.0,0.8,5.307555522,5.3906283
554,40.0,0.4,26.0,0.8,6.163403767,6.316846
555,4.0,0.5,26.0,0.8,5.487521989,5.2448883
556,13.0,0.5,26.0,0.8,4.036429853,4.083658
557,22.0,0.5,26.0,0.8,4.498665437,4.670158
558,31.0,0.5,26.0,0.8,5.542177248,5.6697083
559,40.0,0.5,26.0,0.8,6.588738188,6.7444706
560,4.0,0.6,26.0,0.8,5.52453857,5.2667828
561,13.0,0.6,26.0,0.8,4.157104333,4.1848416
562,22.0,0.6,26.0,0.8,4.774718059,4.9266415
563,31.0,0.6,26.0,0.8,5.999701092,6.1433268
564,40.0,0.6,26.0,0.8,7.228215227,7.3724594
565,4.0,0.7,26.0,0.8,5.290613642,5.170369
566,13.0,0.7,26.0,0.8,4.334032471,4.2734127
567,22.0,0.7,26.0,0.8,5.164392133,5.2245283
568,31.0,0.7,26.0,0.8,6.558634629,6.7079473
569,40.0,0.7,26.0,0.8,7.981212795,8.10174
570,4.0,0.2,32.0,0.8,6.010454431,6.36187
571,13.0,0.2,32.0,0.8,6.023729827,6.1820464
572,22.0,0.2,32.0,0.8,6.091651761,6.3316045
573,31.0,0.2,32.0,0.8,6.512154951,6.7513065
574,40.0,0.2,32.0,0.8,6.944829345,7.2446456
575,4.0,0.3,32.0,0.8,5.40643653,5.6467013
576,13.0,0.3,32.0,0.8,4.690564376,4.6870403
577,22.0,0.3,32.0,0.8,4.672286794,4.7907615
578,31.0,0.3,32.0,0.8,5.287435502,5.358254
579,40.0,0.3,32.0,0.8,5.921005541,6.0323625
580,4.0,0.4,32.0,0.8,5.831478485,5.764548
581,13.0,0.4,32.0,0.8,4.298016244,4.317232
582,22.0,0.4,32.0,0.8,4.254084223,4.458848
583,31.0,0.4,32.0,0.8,5.056656791,5.211128
584,40.0,0.4,32.0,0.8,5.882237897,6.050968
585,4.0,0.5,32.0,0.8,6.277867104,6.003769
586,13.0,0.5,32.0,0.8,4.442498439,4.428371
587,22.0,0.5,32.0,0.8,4.468335633,4.6328773
588,31.0,0.5,32.0,0.8,5.451879508,5.570593
589,40.0,0.5,32.0,0.8,6.461122602,6.565244
590,4.0,0.6,32.0,0.8,6.292883499,6.0600815
591,13.0,0.6,32.0,0.8,4.709365361,4.647406
592,22.0,0.6,32.0,0.8,4.873664911,4.952674
593,31.0,0.6,32.0,0.8,6.034422907,6.120691
594,40.0,0.6,32.0,0.8,7.221887616,7.2783794
595,4.0,0.7,32.0,0.8,5.921970912,5.9321084
596,13.0,0.7,32.0,0.8,4.917076233,4.847851
597,22.0,0.7,32.0,0.8,5.302901656,5.2953715
598,31.0,0.7,32.0,0.8,6.653483934,6.7543077
599,40.0,0.7,32.0,0.8,8.032360675,8.085894
600,4.0,0.2,8.0,1.0,3.451773986,3.4086094
601,13.0,0.2,8.0,1.0,4.053023989,4.025852
602,22.0,0.2,8.0,1.0,4.706149153,4.684267
603,31.0,0.2,8.0,1.0,5.36465248,5.2653613
604,40.0,0.2,8.0,1.0,6.021748939,5.9099393
605,4.0,0.3,8.0,1.0,3.765129468,3.6808217
606,13.0,0.3,8.0,1.0,4.703545963,4.6787024
607,22.0,0.3,8.0,1.0,5.783397018,5.780316
608,31.0,0.3,8.0,1.0,6.867926943,6.7296863
609,40.0,0.3,8.0,1.0,7.948814724,7.673553
610,4.0,0.4,8.0,1.0,3.617504575,3.571163
611,13.0,0.4,8.0,1.0,4.832167262,4.9207706
612,22.0,0.4,8.0,1.0,7.039794621,6.6110005
613,31.0,0.4,8.0,1.0,7.740393548,8.185125
614,40.0,0.4,8.0,1.0,9.203766321,9.690569
615,4.0,0.5,8.0,1.0,3.420294508,3.3883939
616,13.0,0.5,8.0,1.0,4.869373212,4.883547
617,22.0,0.5,8.0,1.0,6.681546079,6.9050965
618,31.0,0.5,8.0,1.0,8.50426052,8.88611
619,40.0,0.5,8.0,1.0,12.85361477,10.7719
620,4.0,0.6,8.0,1.0,3.299700905,3.2121742
621,13.0,0.6,8.0,1.0,4.936494411,4.9163313
622,22.0,0.6,8.0,1.0,7.114036473,7.230405
623,31.0,0.6,8.0,1.0,9.310015602,9.533796
624,40.0,0.6,8.0,1.0,11.50883352,11.725782
625,4.0,0.7,8.0,1.0,3.124460585,2.9936204
626,13.0,0.7,8.0,1.0,4.951878856,4.9926395
627,22.0,0.7,8.0,1.0,7.468805391,7.615829
628,31.0,0.7,8.0,1.0,10.00458716,10.162884
629,40.0,0.7,8.0,1.0,12.54659701,12.603504
630,4.0,0.2,14.0,1.0,5.00194325,4.8653383
631,13.0,0.2,14.0,1.0,5.613805337,5.7582674
632,22.0,0.2,14.0,1.0,6.22433946,6.395195
633,31.0,0.2,14.0,1.0,6.861261347,6.898208
634,40.0,0.2,14.0,1.0,7.499474739,7.415826
635,4.0,0.3,14.0,1.0,4.858878651,4.9283886
636,13.0,0.3,14.0,1.0,5.533830721,5.7405357
637,22.0,0.3,14.0,1.0,6.454861063,6.7153053
638,31.0,0.3,14.0,1.0,8.747075385,7.7096148
639,40.0,0.3,14.0,1.0,8.391727139,8.786254
640,4.0,0.4,14.0,1.0,4.635681318,4.6404057
641,13.0,0.4,14.0,1.0,5.201756705,5.227992
642,22.0,0.4,14.0,1.0,6.429123863,6.514312
643,31.0,0.4,14.0,1.0,7.716485147,7.9255333
644,40.0,0.4,14.0,1.0,9.006207299,9.431759
645,4.0,0.5,14.0,1.0,4.516774644,4.465313
646,13.0,0.5,14.0,1.0,4.885102232,4.9433913
647,22.0,0.5,14.0,1.0,6.401487935,6.483051
648,31.0,0.5,14.0,1.0,7.990722315,8.193829
649,40.0,0.5,14.0,1.0,9.584938516,9.988142
650,4.0,0.6,14.0,1.0,4.430512708,4.325432
651,13.0,0.6,14.0,1.0,4.691368523,4.78811
652,22.0,0.6,14.0,1.0,6.47940311,6.604055
653,31.0,0.6,14.0,1.0,8.346809079,8.581774
654,40.0,0.6,14.0,1.0,10.21974618,10.602459
655,4.0,0.7,14.0,1.0,4.284129347,4.17304
656,13.0,0.7,14.0,1.0,4.624072396,4.653992
657,22.0,0.7,14.0,1.0,6.684761494,6.7759037
658,31.0,0.7,14.0,1.0,8.827821874,8.990676
659,40.0,0.7,14.0,1.0,10.97684833,11.176155
660,4.0,0.2,20.0,1.0,6.083198155,6.152239
661,13.0,0.2,20.0,1.0,6.570360516,6.8041797
662,22.0,0.2,20.0,1.0,7.061590703,7.4482665
663,31.0,0.2,20.0,1.0,7.666777717,8.083863
664,40.0,0.2,20.0,1.0,8.273796491,8.745162
665,4.0,0.3,20.0,1.0,5.646983368,5.913737
666,13.0,0.3,20.0,1.0,5.848192315,5.9444175
667,22.0,0.3,20.0,1.0,6.548948893,6.7146826
668,31.0,0.3,20.0,1.0,7.45143836,7.6976876
669,40.0,0.3,20.0,1.0,8.354076741,8.838404
670,4.0,0.4,20.0,1.0,5.395901793,5.628475
671,13.0,0.4,20.0,1.0,5.135901238,5.1833057
672,22.0,0.4,20.0,1.0,6.045763203,6.166204
673,31.0,0.4,20.0,1.0,7.230630596,7.4358263
674,40.0,0.4,20.0,1.0,8.417058812,8.8733835
675,4.0,0.5,20.0,1.0,5.484902935,5.571901
676,13.0,0.5,20.0,1.0,4.774502524,4.9218225
677,22.0,0.5,20.0,1.0,5.90333645,6.120175
678,31.0,0.5,20.0,1.0,7.356613111,7.626189
679,40.0,0.5,20.0,1.0,8.81234005,9.263388
680,4.0,0.6,20.0,1.0,5.560427727,5.4989295
681,13.0,0.6,20.0,1.0,4.691852484,4.8316455
682,22.0,0.6,20.0,1.0,6.057969577,6.282993
683,31.0,0.6,20.0,1.0,7.770949099,8.025197
684,40.0,0.6,20.0,1.0,9.48717304,9.812584
685,4.0,0.7,20.0,1.0,5.357934137,5.361044
686,13.0,0.7,20.0,1.0,4.721837393,4.7700176
687,22.0,0.7,20.0,1.0,6.348343179,6.5167603
688,31.0,0.7,20.0,1.0,8.317708264,8.506914
689,40.0,0.7,20.0,1.0,10.29071586,10.410273
690,4.0,0.2,26.0,1.0,6.892455973,6.991119
691,13.0,0.2,26.0,1.0,7.154325985,7.202302
692,22.0,0.2,26.0,1.0,7.461691915,7.7124777
693,31.0,0.2,26.0,1.0,8.041940689,8.375542
694,40.0,0.2,26.0,1.0,8.623121101,9.10639
695,4.0,0.3,26.0,1.0,6.231692901,6.539616
696,13.0,0.3,26.0,1.0,5.928475342,5.9127216
697,22.0,0.3,26.0,1.0,6.302870314,6.415556
698,31.0,0.3,26.0,1.0,7.157356832,7.2835464
699,40.0,0.3,26.0,1.0,8.01386998,8.339043
700,4.0,0.4,26.0,1.0,6.164762573,6.3651114
701,13.0,0.4,26.0,1.0,5.153496333,5.1406045
702,22.0,0.4,26.0,1.0,5.617897358,5.8051534
703,31.0,0.4,26.0,1.0,6.736056169,6.920124
704,40.0,0.4,26.0,1.0,7.857390355,8.195347
705,4.0,0.5,26.0,1.0,6.426418548,6.4706464
706,13.0,0.5,26.0,1.0,4.947785629,5.0026417
707,22.0,0.5,26.0,1.0,5.561803021,5.826877
708,31.0,0.5,26.0,1.0,6.928253647,7.1663537
709,40.0,0.5,26.0,1.0,8.298891504,8.601971
710,4.0,0.6,26.0,1.0,6.578950826,6.467054
711,13.0,0.6,26.0,1.0,5.039178449,5.0572157
712,22.0,0.6,26.0,1.0,5.854844923,6.077508
713,31.0,0.6,26.0,1.0,7.468018104,7.6603656
714,40.0,0.6,26.0,1.0,9.086126202,9.229713
715,4.0,0.7,26.0,1.0,6.343264524,6.3097553
716,13.0,0.7,26.0,1.0,5.213064754,5.132443
717,22.0,0.7,26.0,1.0,6.301394246,6.395632
718,31.0,0.7,26.0,1.0,8.167306009,8.259815
719,40.0,0.7,26.0,1.0,10.03869627,9.95063
720,4.0,0.2,32.0,1.0,7.436647044,7.83492
721,13.0,0.2,32.0,1.0,7.453538571,7.685102
722,22.0,0.2,32.0,1.0,7.540155571,7.8694067
723,31.0,0.2,32.0,1.0,8.083508751,8.42425
724,40.0,0.2,32.0,1.0,8.642674426,9.053215
725,4.0,0.3,32.0,1.0,6.726663909,7.0766444
726,13.0,0.3,32.0,1.0,5.928301793,6.0512424
727,22.0,0.3,32.0,1.0,5.907719817,6.162831
728,31.0,0.3,32.0,1.0,6.707320916,6.899404
729,40.0,0.3,32.0,1.0,7.53097858,7.7983274
730,4.0,0.4,32.0,1.0,6.943468519,7.0142155
731,13.0,0.4,32.0,1.0,5.307203525,5.3571224
732,22.0,0.4,32.0,1.0,5.251887822,5.568015
733,31.0,0.4,32.0,1.0,6.296963985,6.564529
734,40.0,0.4,32.0,1.0,7.372469062,7.682286
735,4.0,0.5,32.0,1.0,7.384836608,7.2784424
736,13.0,0.5,32.0,1.0,5.355912379,5.3697343
737,22.0,0.5,32.0,1.0,5.388865223,5.666356
738,31.0,0.5,32.0,1.0,6.670554586,6.899874
739,40.0,0.5,32.0,1.0,7.986356575,8.183635
740,4.0,0.6,32.0,1.0,7.339934045,7.345827
741,13.0,0.6,32.0,1.0,5.576683165,5.587893
742,22.0,0.6,32.0,1.0,5.805972425,5.98676
743,31.0,0.6,32.0,1.0,7.313806291,7.4887056
744,40.0,0.6,32.0,1.0,8.903935125,8.920398
745,4.0,0.7,32.0,1.0,7.078604744,7.1684985
746,13.0,0.7,32.0,1.0,5.860727962,5.8192163
747,22.0,0.7,32.0,1.0,6.367828277,6.3528233
748,31.0,0.7,32.0,1.0,8.134973754,8.17862
749,40.0,0.7,32.0,1.0,9.866371902,9.752283
750,25.0,0.32,19.0,0.43,2.797912619,2.8188744
751,15.0,0.41,12.0,0.47,2.651350201,2.6055253
752,12.0,0.32,31.0,0.46,2.528944788,2.5852962
753,22.0,0.45,23.0,0.45,2.594366671,2.6434722
754,6.0,0.64,23.0,0.83,4.854409946,4.8209896
755,13.0,0.21,34.0,0.34,2.278870282,2.454671
756,29.0,0.47,16.0,0.49,3.462789307,3.4858692
757,24.0,0.33,19.0,0.38,2.484962024,2.4789848
758,12.0,0.44,22.0,0.63,3.12458986,3.1497884
759,14.0,0.58,24.0,0.65,3.323038979,3.4094012
760,10.0,0.58,12.0,0.61,2.658355605,2.7141247
761,17.0,0.41,20.0,0.46,2.425904465,2.4393277
762,25.21,0.29,8.82,0.46,2.882043649,3.3891604
763,22.72,0.4,8.04,0.47,2.941155783,3.2518795
764,14.0,0.27,23.0,0.37,2.261901269,2.2336142
765,6.37,0.31,25.98,0.73,4.415591357,4.5604753
766,28.0,0.4,15.0,0.43,3.035531043,3.027412
767,25.35,0.47,15.29,0.49,3.223204032,3.2578216
768,12.0,0.3,31.0,0.45,2.517221682,2.5688634
769,7.0,0.52,12.0,0.68,2.956464245,2.9722009
770,19.0,0.36,13.0,0.38,2.464219118,2.4452913
771,23.6,0.33,8.05,0.45,2.756642633,3.239218
772,11.0,0.65,22.0,0.75,3.792469119,3.8173
773,13.0,0.33,17.0,0.45,2.529150761,2.4272017
774,22.0,0.38,21.0,0.4,2.36082722,2.3744287
775,17.2,0.44,15.32,0.5,2.724362143,2.7630177
776,20.0,0.38,16.0,0.41,2.495734743,2.4837055
777,19.0,0.42,23.0,0.43,2.321430098,2.351662
778,9.96,0.29,28.7,0.63,3.802984395,3.7574632
779,24.28,0.29,25.15,0.32,2.047620388,2.1396928
780,14.0,0.5,13.0,0.5,2.523507931,2.548884
781,27.75,0.34,8.2,0.42,2.803427388,3.2556932
782,17.0,0.37,13.0,0.37,2.304753675,2.2820768
783,22.0,0.31,25.0,0.31,1.922615475,1.9758085
784,19.0,0.39,16.0,0.41,2.431861313,2.419316
785,4.0,0.29,14.0,0.34,2.07523456,2.1083112
786,11.78,0.39,18.78,0.52,2.627933098,2.5791175
787,20.77,0.23,25.79,0.24,1.746557063,1.9209721
788,9.0,0.57,14.0,0.59,2.620655325,2.6939352
789,25.16,0.38,17.06,0.4,2.595713273,2.6445682
790,9.0,0.68,29.0,0.76,4.885088626,4.860779
791,26.0,0.3,19.0,0.32,2.203168,2.3206565
792,9.95,0.27,15.84,0.41,2.41280617,2.504609
793,11.0,0.54,31.0,0.7,4.250291671,4.217219
794,6.0,0.6,21.0,0.63,3.651436507,3.5535147
795,14.0,0.46,15.0,0.46,2.325144222,2.3511877
796,4.0,0.32,26.0,0.49,3.179371005,3.1380148
797,11.0,0.47,31.0,0.58,3.43179685,3.4546483
798,19.0,0.31,12.0,0.35,2.147908177,2.4884772
799,8.0,0.49,12.0,0.51,2.332062089,2.33211
800,10.0,0.61,19.0,0.62,3.008735352,3.0814133
801,8.26,0.29,15.3,0.41,2.318613692,2.3698182
802,6.9,0.34,10.33,0.45,2.141611949,2.3097928
803,13.0,0.31,26.0,0.39,2.144007641,2.1223493
804,5.0,0.5,8.0,0.5,2.124437126,1.9878228
805,8.0,0.36,16.0,0.43,2.333716157,2.2205486
806,14.0,0.65,30.0,0.65,3.86334176,3.8090403
807,10.0,0.61,27.0,0.77,4.451562397,4.4248953
808,8.02,0.3,16.71,0.34,1.948789394,2.0526738
809,9.0,0.53,25.0,0.58,3.316394445,3.3306606
810,7.19,0.49,23.87,0.75,4.196985442,4.263176
811,5.0,0.34,20.0,0.54,2.958828432,3.0339088
812,8.75,0.31,19.41,0.39,2.211448231,2.1931388
813,5.0,0.33,27.0,0.39,2.425517045,2.6984892
814,11.0,0.64,28.0,0.71,4.1814651,4.15112
815,7.57,0.55,24.29,0.63,3.665116602,3.6926208
816,8.0,0.56,23.0,0.65,3.633094947,3.634688
817,9.0,0.4,18.0,0.4,2.10987426,2.0630496
818,7.0,0.37,30.0,0.55,3.278539174,3.586616
819,7.0,0.42,18.0,0.48,2.483085828,2.5099382
820,9.0,0.34,27.0,0.39,2.235578817,2.368681
821,5.0,0.41,19.0,0.55,2.927636944,3.0196457
822,8.0,0.32,27.0,0.36,2.125950197,2.3619356
823,9.0,0.39,22.0,0.41,2.225958233,2.2334225
824,6.0,0.44,25.0,0.57,3.328966242,3.505409
825,27.0,0.36,10.0,0.81,6.505865578,5.850663
826,38.0,0.68,31.0,0.8,7.533745168,7.63564
827,4.0,0.62,26.0,0.62,4.452625051,4.170518
828,39.08,0.24,27.13,0.68,5.509228092,5.582412
829,4.36,0.52,28.84,0.67,5.038331876,4.762902
830,25.0,0.28,27.0,0.7,4.579753408,4.5562973
831,4.0,0.57,23.0,0.74,4.846827941,4.5306883
832,30.38,0.28,27.78,0.65,4.456753047,4.452879
833,38.0,0.65,10.0,0.9,9.695062356,9.792231
834,22.0,0.23,24.0,0.68,4.872773084,4.869076
835,12.0,0.2,31.0,0.75,5.647035732,5.7484183
836,37.0,0.65,19.0,0.94,8.717951886,8.938999
837,12.0,0.2,8.0,0.32,2.793051144,2.8704934
838,27.0,0.7,21.0,0.79,5.859207598,5.9753885
839,19.0,0.7,20.0,0.8,4.622346914,4.6726933
840,36.0,0.2,11.0,0.26,2.841767103,2.9331903
841,29.0,0.69,20.0,0.79,6.162991235,6.275575
842,37.73,0.42,25.33,0.62,4.588746616,4.70215
843,28.0,0.62,26.0,0.71,5.099806999,5.2175226
844,31.0,0.53,23.0,0.7,5.036366024,5.139268
845,38.0,0.52,11.0,0.76,7.154140802,7.262102
846,40.0,0.39,30.0,0.54,3.941476491,4.036045
847,29.0,0.28,22.0,0.65,4.644872489,4.588013
848,28.0,0.62,20.0,0.78,5.650171234,5.758769
849,34.81,0.34,21.8,0.64,4.687137368,4.6887183
850,35.0,0.49,21.0,0.69,5.298466178,5.398761
851,39.0,0.42,27.0,0.57,4.266144404,4.3574696
852,33.0,0.65,20.0,0.83,6.931054393,7.0840735
853,22.0,0.52,25.0,0.68,3.919195415,4.052622
854,5.0,0.2,30.0,0.3,2.230868589,2.4625843
855,34.0,0.65,31.0,0.65,5.641045817,5.6979527
856,14.0,0.69,23.0,0.84,4.25240426,4.265332
857,37.0,0.25,12.0,0.45,3.939490906,3.8358638
858,30.0,0.24,27.0,0.44,3.157076242,3.1354053
859,29.42,0.28,17.84,0.64,4.7048185,4.6986322
860,31.0,0.49,26.0,0.59,4.092714196,4.1721354
861,31.2,0.31,17.73,0.63,4.641149732,4.6130924
862,28.61,0.33,25.36,0.55,3.491836704,3.5287647
863,20.0,0.35,28.0,0.55,2.916650628,2.998787
864,33.0,0.66,14.0,0.77,6.783154825,6.849268
865,19.0,0.44,21.0,0.63,3.379675017,3.4793317
866,31.0,0.54,15.0,0.71,5.49758369,5.5270905
867,28.0,0.5,23.0,0.6,3.975105581,4.0632777
868,38.67,0.25,24.29,0.48,3.751003219,3.7622437
869,37.0,0.25,11.0,0.35,3.22019499,3.1850176
870,28.0,0.37,30.0,0.5,2.978843735,3.0809064
871,22.93,0.5,15.02,0.72,4.550871679,4.562317
872,20.0,0.58,17.0,0.77,4.456082721,4.5342655
873,39.0,0.37,30.0,0.46,3.268726924,3.3291504
874,20.0,0.22,21.0,0.39,2.891140145,2.868319
875,21.0,0.5,8.0,0.69,4.572556766,4.481513
876,30.0,0.34,28.0,0.48,2.999769394,3.0666046
877,24.0,0.43,32.0,0.46,2.679576977,2.7464452
878,32.0,0.57,17.0,0.69,5.422442374,5.4948063
879,28.0,0.44,11.0,0.63,4.653167266,4.5801554
880,31.42,0.59,19.28,0.64,4.946384348,5.0315723
881,24.0,0.47,17.0,0.67,4.216026035,4.2596407
882,26.0,0.69,9.0,0.76,6.110142923,6.080478
883,21.0,0.55,13.0,0.71,4.364828083,4.361429
884,31.0,0.22,16.0,0.28,2.518734823,2.656709
885,38.0,0.43,22.0,0.53,4.068955391,4.134674
886,8.38,0.68,19.8,0.92,4.591804774,4.552107
887,17.0,0.43,21.0,0.6,3.089674812,3.1763606
888,19.0,0.6,23.0,0.63,3.542560646,3.6448858
889,16.0,0.46,26.0,0.63,3.160276007,3.2788668
890,31.0,0.28,16.0,0.48,3.712169622,3.6190562
891,5.55,0.67,24.32,0.9,5.522297398,5.438474
892,39.94,0.52,25.46,0.53,4.482981376,4.538612
893,39.0,0.35,8.0,0.4,3.798400163,3.669966
894,21.76,0.61,11.51,0.71,4.616464968,4.552373
895,12.0,0.58,12.0,0.77,3.535513696,3.5766912
896,15.0,0.21,17.0,0.3,2.380482918,2.5460021
897,29.0,0.41,22.0,0.52,3.392849435,3.4464393
898,14.0,0.2,16.0,0.27,2.244947437,2.4944239
899,18.0,0.47,13.0,0.67,3.808737252,3.8041332
900,35.06,0.48,19.63,0.57,4.37974151,4.4507
901,13.0,0.23,23.0,0.61,4.07434448,4.0030727
902,27.0,0.56,16.0,0.67,4.698062815,4.737434
903,29.0,0.5,13.0,0.62,4.57347212,4.579445
904,37.0,0.51,17.0,0.61,5.083983421,5.1625876
905,14.0,0.3,19.0,0.61,3.549388743,3.47964
906,32.0,0.32,12.0,0.42,3.413509112,3.3065028
907,15.89,0.48,15.17,0.68,3.546098912,3.6117725
908,38.0,0.28,24.0,0.39,2.954894356,2.9620252
909,21.0,0.61,14.0,0.7,4.306989868,4.312014
910,11.0,0.24,11.0,0.31,2.303652009,2.515695
911,23.0,0.4,8.0,0.56,3.922026668,3.808319
912,23.0,0.55,13.0,0.65,4.21059685,4.209146
913,24.0,0.35,8.0,0.45,3.328853246,3.2437022
914,22.0,0.4,28.0,0.5,2.727838437,2.8214352
915,39.0,0.32,12.0,0.35,3.172001531,3.1102524
916,31.0,0.32,28.0,0.42,2.688367836,2.7480743
917,35.0,0.47,14.0,0.57,4.642151845,4.6473117
918,15.0,0.57,22.0,0.66,3.315894803,3.4300294
919,10.0,0.62,12.0,0.78,3.329122568,3.3736606
920,15.0,0.57,15.0,0.69,3.435985457,3.5250714
921,27.0,0.5,24.0,0.52,3.393543302,3.4558945
922,22.0,0.31,23.0,0.46,2.769186308,2.7574346
923,14.0,0.54,15.0,0.68,3.310307622,3.4009964
924,6.0,0.24,30.0,0.43,2.788430067,2.9590726
925,16.0,0.37,8.0,0.44,2.777876577,2.761003
926,27.0,0.34,27.0,0.45,2.71300978,2.7688575
927,36.42,0.34,24.42,0.44,3.121856705,3.1636229
928,26.0,0.5,25.0,0.51,3.261530159,3.3197813
929,4.0,0.21,15.0,0.4,2.693003735,2.6764262
930,28.0,0.24,19.0,0.43,3.156035441,3.2424216
931,21.0,0.33,11.0,0.39,2.765863205,2.7329974
932,28.66,0.45,15.92,0.57,3.978584698,4.0025797
933,14.0,0.66,9.0,0.69,3.477976364,3.416527
934,11.48,0.27,22.26,0.62,3.80270092,3.6537478
935,23.99,0.55,10.14,0.58,3.97191892,3.9611135
936,6.0,0.62,29.0,0.74,5.162076658,5.118034
937,31.0,0.41,10.0,0.51,4.062523715,3.9619079
938,20.0,0.38,20.0,0.51,2.880695231,2.900681
939,12.0,0.43,26.0,0.58,3.00212419,3.0190618
940,35.46,0.28,9.56,0.5,3.653332064,4.1473203
941,32.0,0.51,10.0,0.53,4.418865926,4.3471804
942,17.0,0.32,14.0,0.48,3.001095682,2.9171968
943,29.0,0.26,17.0,0.27,2.25722304,2.3367467
944,25.96,0.3,19.66,0.47,3.136099053,3.1375408
945,31.2,0.44,10.02,0.52,3.990601638,4.082362
946,15.0,0.23,28.0,0.32,2.142774045,2.235691
947,35.0,0.39,12.0,0.45,3.749258511,3.6500378
948,28.0,0.55,16.0,0.57,4.065148151,4.098578
949,33.15,0.31,23.1,0.4,2.80390929,2.8345447
950,15.0,0.39,19.0,0.54,2.794108629,2.7992222
951,16.0,0.44,31.0,0.46,2.459466416,2.4980588
952,23.0,0.6,16.0,0.6,3.838325425,3.8759608
953,36.0,0.36,21.0,0.41,3.034188501,3.0480354
954,31.0,0.28,19.0,0.33,2.550815598,2.5741565
955,23.0,0.48,16.0,0.56,3.467513225,3.5108917
956,39.0,0.37,18.0,0.42,3.368944537,3.3690617
957,32.0,0.38,19.0,0.45,3.197152975,3.2121565
958,33.0,0.38,12.0,0.38,3.123322209,3.0637884
959,13.0,0.38,29.0,0.53,2.766542036,2.78712
960,12.87,0.2,15.24,0.45,2.853725577,3.2209313
961,36.0,0.38,19.0,0.43,3.256913451,3.2682974
962,19.0,0.38,14.0,0.5,3.025340606,2.9892988
963,22.0,0.24,23.0,0.28,2.086194643,2.1734242
964,14.33,0.45,19.68,0.55,2.712981941,2.7756429
965,20.0,0.25,10.0,0.48,2.808178606,3.352744
966,33.0,0.24,26.0,0.26,2.098272346,2.1779847
967,28.0,0.32,22.0,0.37,2.47943472,2.4982123
968,13.0,0.43,13.0,0.56,2.873135967,2.8623023
969,35.37,0.23,26.86,0.28,2.197550625,2.3542209
970,35.29,0.29,20.1,0.37,2.790333832,2.8595958
971,7.26,0.2,19.05,0.39,2.585343581,2.8152642
972,21.0,0.27,31.0,0.29,1.780157868,1.9459846
973,13.0,0.43,25.0,0.56,2.820599009,2.8521955
974,34.28,0.25,12.29,0.41,3.043397384,3.4414773
